Ингредиент,Описание,Категория,Вода,Белки,Углеводы,Жиры,Калории,Кальций,Медь,Железо,Магний,Фосфор,Калий,Натрий,Цинк,Марганец,Витамин A (МЕ),Витамин A (RAE),Витамин B12,Витамин B6,Витамин C,Витамин E,Витамин K,Селен,Тиамин (B1),Холестерин,Клетчатка,Сахара всего,Мононенасыщенные жиры,Полиненасыщенные жиры,Насыщенные жиры,Альфа-каротин,Зола,Бета-каротин,Бета-криптоксантин,Холин,Лютеин и зеаксантин,Ликопин,Ниацин (B3),Пантотеновая кислота (B5),Ретинол (витамин A),Рибофлавин (B2)
Индейка,"Мясо",Мясо,"74,16","21,77",0,"2,86",119,14,"0,109","1,45",25,195,296,70,"2,37","0,021",0,0,"0,43","0,47",0,"0,35","2,7","26,5","0,072",65,0,0,"0,61","0,83","0,95",0,"0,97",0,0,70,0,0,"4,544","0,907",0,"0,168"
Индейка,"Кожа",Мясо,"49,55","12,71",0,"36,91",387,18,"0,076","1,35",8,82,102,36,"1,27","0,012",38,11,"0,24","0,07",0,0,0,"12,4","0,019",91,0,0,"15,73","8,45","9,63",0,"0,4",0,0,0,0,0,"1,484","0,253",11,"0,081"
Индейка,"Потроха",Мясо,"73,18","19,36","2,09","4,2",129,8,"0,313","6,84",19,220,316,87,"2,39","0,157",7665,2302,"28,39","0,43","3,8",0,0,142,"0,076",282,0,0,"0,91","1,03","1,26",0,"1,16",0,0,0,0,0,"6,327","3,952",2302,"1,145"
Индейка,"Желудок",Мясо,"76,18","19,14",0,"4,58",118,6,"0,114","4,31",16,140,322,72,"2,86","0,048",0,0,"6,86","0,12","6,2","0,05",0,"29,2","0,04",197,0,0,"1,588","0,777","1,312",0,1,0,0,90,0,0,"4,78","0,914",0,"0,179"
Индейка,"Сердце",Мясо,"76,62","17,13","0,41","4,79",113,6,"0,394","4,18",22,222,295,94,"3,37","0,058",107,23,"15,4","0,441",3,"0,04",0,"35,9","0,212",147,0,0,"1,391","1,272","1,316",0,"1,05",23,0,127,0,21,"4,75","3,12",21,"0,97"
Индейка,"Печень",Мясо,"62,29","17,84","2,26","16,36",228,5,"0,407",12,15,279,255,71,"2,26","0,195",72382,21702,"49,4","1,47","24,5","0,12","0,8","70,8","0,153",331,0,0,"7,397","1,65","5,507",0,"1,25",29,0,222,0,0,"13,5","6,28",21700,"2,59"
Индейка,"Шея, Мясо",Мясо,"72,88","20,14",0,"5,42",135,34,"0,143",2,19,186,302,93,"5,08","0,026",0,0,"0,41","0,37",0,0,0,"28,6","0,089",79,0,0,"1,23","1,63","1,82",0,"1,05",0,0,0,0,0,"3,169","1,055",0,"0,234"
Индейка,"Спинка, Мясо&Кожа",Мясо,"67,78","18,11",0,"13,11",196,17,"0,127","1,63",18,157,236,66,"2,67","0,02",10,3,"0,36","0,29",0,0,0,"26,4","0,065",74,0,0,"4,94","3,23","3,66",0,"0,79",0,0,0,0,0,"2,682","0,917",3,"0,183"
Индейка,"Грудка, Мясо&Кожа",Мясо,"70,05","21,89",0,"7,02",157,13,"0,074","1,2",24,186,275,59,"1,57","0,018",6,2,"0,42","0,48",0,0,0,"22,4","0,058",65,0,0,"2,66","1,66","1,91",0,"0,91",0,0,0,0,0,"5,2","0,621",2,"0,115"
Индейка,"Нога, Мясо&Кожа",Мясо,"72,69","19,54",0,"6,72",144,17,"0,142","1,72",21,177,273,74,"3,09","0,022",3,1,"0,39","0,34",0,0,0,"26,4","0,077",71,0,0,"2,06","1,83","2,06",0,"0,89",0,0,0,0,0,"2,947","1,09",1,"0,211"
Индейка,"Крыло, Мясо&Кожа",Мясо,"66,49","20,22",0,"12,32",197,14,"0,077","1,26",21,165,240,55,"1,54","0,017",11,3,"0,39","0,41",0,0,0,"22,4","0,05",70,0,0,"4,97","2,86","3,28",0,"0,81",0,0,0,0,0,"4,425","0,554",3,"0,11"
Шпинат,Шпинат,Зелень,"91,4","2,86","3,63","0,39",23,99,"0,13","2,71",79,49,558,79,"0,53","0,897",9377,469,0,"0,195","28,1","2,03","482,9",1,"0,078",0,"2,200000048","0,419999987","0,01","0,165","0,063",0,"1,72",5626,0,18,12198,0,"0,724","0,065",0,"0,189"
Картофель,"Руссет",Овощи и фрукты,"78,58","2,14","18,07","0,08",79,13,"0,103","0,86",23,55,417,5,"0,29","0,157",1,0,0,"0,345","5,7","0,01","1,8","0,4","0,082",0,"1,299999952","0,620000005","0,002","0,035","0,02",0,"1,13",0,0,13,5,0,"1,035","0,301",0,"0,033"
Картофель,"Белый",Овощи и фрукты,"81,58","1,68","15,71","0,1",69,9,"0,116","0,52",21,62,407,6,"0,29","0,145",8,0,0,"0,203","19,7","0,01","1,6","0,3","0,071",0,"2,400000095","1,149999976","0,002","0,041","0,025",0,"0,94",5,0,11,13,0,"1,066","0,281",0,"0,034"
Картофель,"Красный",Овощи и фрукты,"80,96","1,89","15,9","0,14",70,10,"0,134","0,73",22,61,455,6,"0,33","0,141",7,0,0,"0,17","8,6","0,01","2,9","0,5","0,081",0,"1,700000048",1,"0,003","0,057","0,034",0,"1,1",4,0,16,21,0,"1,149","0,279",0,"0,031"
Морковь,Морковь,Овощи и фрукты,"88,29","0,93","9,58","0,24",41,33,"0,045","0,3",12,35,320,69,"0,24","0,143",16706,835,0,"0,138","5,9","0,66","13,2","0,1","0,066",0,"2,799999952","4,739999771","0,014","0,117","0,037",3477,"0,97",8285,0,9,256,1,"0,983","0,273",0,"0,058"
Соль,Столовая,Специи и приправы,"0,2",0,0,0,0,24,"0,03","0,33",1,0,8,38758,"0,1","0,1",0,0,0,0,0,0,0,"0,1",0,0,0,0,0,0,0,0,"99,8",0,0,0,0,0,0,0,0,0
Рыбий Жир,Печень Трески,Масло/жир,0,0,0,100,902,0,0,0,0,0,0,0,0,0,100000,30000,0,0,0,0,0,0,0,570,0,0,"46,711","22,541","22,608",0,0,0,0,0,0,0,0,0,30000,0
Рыбий Жир,Сельдь,Масло/жир,0,0,0,100,902,0,0,0,0,0,0,0,0,0,0,0,0,0,0,0,0,0,0,766,0,0,"56,564","15,604","21,29",0,0,0,0,0,0,0,0,0,0,0
Рыбий Жир,Лосось,Масло/жир,0,0,0,100,902,0,0,0,0,0,0,0,0,0,0,0,0,0,0,0,0,0,0,485,0,0,"29,037","40,324","19,872",0,0,0,0,0,0,0,0,0,0,0
Рыбий Жир,Сардина,Масло/жир,0,0,0,100,902,0,0,0,0,0,0,0,0,0,0,0,0,0,0,0,0,0,0,710,0,0,"33,841","31,867","29,892",0,0,0,0,0,0,0,0,0,0,0
Курица,"Мясо&Кожа&Потроха&Шея",Мясо,"66,34","18,33","0,13","14,83",213,11,"0,064","1,31",20,149,189,70,"1,48","0,029",771,232,"1,11","0,34","2,6",0,0,"11,8","0,061",90,0,0,"6,08","3,19","4,24",0,"0,8",0,0,0,0,0,"6,639","1,072",232,"0,186"
Курица,"Мясо & Кожа",Мясо,"65,99","18,6",0,"15,06",215,11,"0,048","0,9",20,147,189,70,"1,31","0,019",140,42,"0,31","0,35","1,6","0,3","1,5","14,4","0,06",75,0,0,"6,24","3,23","4,31",0,"0,79",0,0,60,0,0,"6,801","0,91",41,"0,12"
Курица,"Мясо",Мясо,"75,46","21,39",0,"3,08",119,12,"0,053","0,89",25,173,229,77,"1,54","0,019",52,16,"0,37","0,43","2,3","0,21","1,8","15,7","0,073",70,0,0,"0,9","0,75","0,79",0,"0,96",0,0,66,0,0,"8,239","1,058",16,"0,142"
Курица,"Кожа",Мясо,"54,22","13,33",0,"32,35",349,11,"0,041","1,08",13,100,103,63,"0,93","0,019",262,76,"0,23","0,09",0,0,"2,9","12,3","0,033",109,0,0,"13,54","6,81","9,08",0,"0,41",6,0,0,0,0,"3,987","0,692",76,"0,069"
Курица,"Потроха",Мясо,"74,87","17,88","1,8","4,47",124,10,"0,243","5,86",18,197,228,77,"3,32","0,149",8847,2657,"11,41","0,42","16,2",0,0,"55,2","0,088",262,0,0,"1,12","1,09","1,36",0,"0,99",0,0,0,0,0,"6,662","3,208",2657,"0,987"
Курица,"Желудок",Мясо,"79,33","17,66",0,"2,06",94,11,"0,116","2,49",15,148,237,69,"2,72","0,055",64,19,"1,21","0,112","3,7","0,33",0,"25,5","0,028",240,0,0,"0,512","0,357","0,529",0,"0,95",0,0,0,0,0,"3,68","0,631",19,"0,231"
Курица,"Сердце",Мясо,"73,56","15,55","0,71","9,33",153,12,"0,346","5,96",15,177,176,74,"6,59","0,089",30,9,"7,29","0,36","3,2",0,0,"4,3","0,152",136,0,0,"2,37","2,71","2,66",0,"0,85",0,0,0,0,0,"4,883","2,559",9,"0,728"
Курица,"Печень",Мясо,"76,46","16,92",0,"4,83",116,8,"0,492","8,99",19,297,230,71,"2,67","0,255",11078,3296,"16,58","0,853","17,9","0,7",0,"54,6","0,305",345,0,0,"1,249","1,306","1,563",11,"1,06",56,11,194,0,40,"9,728","6,233",3290,"1,778"
Курица,"Жир",Мясо,"28,91","3,73",0,"67,95",629,7,"0,029","0,7",6,54,64,32,"0,45","0,014",509,130,"0,07","0,02",0,"2,73","2,4","9,7","0,021",58,0,0,"30,3","14,2","20,25",0,"0,28",55,0,16,0,0,"2,041","0,19",125,"0,059"
Курица,"Спинка, Мясо&Кожа",Мясо,"58,1","14,05",0,"28,74",319,13,"0,047","0,94",15,113,144,64,"1,26","0,018",251,75,"0,25","0,19","1,6","0,37","2,4","12,1","0,051",79,0,0,"12,25","6,14","8,34",0,"0,64",0,0,0,0,0,"4,835","0,819",75,"0,116"
Курица,"Спинка, Мясо",Мясо,"75,31","19,56",0,"5,92",137,17,"0,06","1,04",22,151,204,82,"1,85","0,021",99,30,"0,36","0,33",0,"0,22","2,4","13,5","0,074",81,0,0,"1,84","1,47","1,52",0,"0,92",0,0,0,0,0,"6,672","1,224",30,"0,164"
Курица,"Грудка, Мясо&Кожа",Мясо,"69,46","20,85",0,"9,25",172,11,"0,039","0,74",25,174,220,63,"0,8","0,018",83,25,"0,34","0,53",0,"0,31",0,"16,6","0,063",64,0,0,"3,82","1,96","2,66",0,"1,01",0,0,67,0,0,"9,908","0,804",24,"0,085"
Курица,"Грудка, Мясо",Мясо,"74,76","23,09",0,"1,24",110,11,"0,041","0,72",28,196,255,65,"0,8","0,018",21,6,"0,38","0,55","1,2","0,13","0,2","17,8","0,07",58,0,0,"0,3","0,28","0,33",0,"1,02",0,0,73,0,0,"11,194","0,819",6,"0,092"
Курица,"Голень, Мясо&Кожа",Мясо,"72,46","19,27",0,"8,68",161,11,"0,059","1,03",21,154,206,83,2,"0,021",95,29,"0,35","0,3","2,7","0,3","2,8","13,2","0,074",81,0,0,"3,37","1,94","2,39",0,"0,86",0,0,59,0,0,"5,449","1,182",29,"0,178"
Курица,"Голень, Мясо",Мясо,"76,38","20,59",0,"3,42",119,11,"0,063","1,03",23,166,226,88,"2,21","0,021",57,17,"0,37","0,34","3,2","0,31","2,9","13,5","0,082",77,0,0,"1,06","0,85","0,88",0,"0,93",0,0,62,0,0,"5,778","1,287",17,"0,199"
Курица,"Нога, Мясо&Кожа",Мясо,"69,91","18,15",0,"12,12",187,10,"0,058","1,01",21,149,198,79,"1,77","0,02",123,37,"0,32","0,29","2,5","0,44","2,9","13,1","0,067",83,0,0,"4,89","2,65","3,41",0,"0,85",0,0,57,0,0,"5,435","1,11",37,"0,164"
Курица,"Нога, Мясо",Мясо,"76,13","20,13",0,"3,81",120,11,"0,064","1,02",23,167,229,86,"2,06","0,021",61,18,"0,36","0,33",0,"0,32","2,9","13,5","0,079",80,0,0,"1,18","0,95","0,98",0,"0,94",0,0,62,0,0,"6,067","1,178",18,"0,193"
Курица,"Шея, Мясо&Кожа",Мясо,"59,99","14,07",0,"26,24",297,18,"0,08","1,9",13,112,137,64,"1,86","0,033",216,65,"0,26","0,17",0,"0,3",0,12,"0,047",99,0,0,"10,55","5,68","7,27",0,"0,55",0,0,0,0,0,"3,608","0,85",65,"0,191"
Курица,"Шея, Мясо",Мясо,"71,17","17,55",0,"8,78",154,27,"0,109","2,06",17,113,175,81,"2,68","0,035",146,44,"0,32","0,29",0,0,0,"13,5","0,054",83,0,0,"2,73","2,18","2,25",0,"0,69",0,0,0,0,0,"4,119","1,09",44,"0,228"
Курица,"Бедро, Мясо&Кожа",Мясо,"67,68","17,27",0,"15,25",211,10,"0,058","0,99",20,145,192,76,"1,6","0,019",149,44,"0,3","0,26","2,3","0,28","2,9","12,9","0,062",84,0,0,"6,511","3,381","4,386",0,"0,81",7,0,54,0,0,"5,426","1,032",41,"0,153"
Курица,"Бедро, Мясо",Мясо,"75,81","19,65",0,"3,91",119,10,"0,067","1,04",24,168,231,86,"1,91","0,02",65,20,"0,35","0,33",0,"0,31","2,9","13,5","0,076",83,0,0,"1,21","0,97",1,0,"0,96",0,0,62,0,0,"6,328","1,233",20,"0,188"
Курица,"Крыло, Мясо&Кожа",Мясо,"66,21","18,33",0,"15,97",222,12,"0,041","0,95",18,132,156,73,"1,33","0,018",147,44,"0,32","0,35","0,7","0,3",0,"15,5","0,048",77,0,0,"6,35","3,39","4,48",0,"0,69",0,0,56,0,0,"5,926","0,766",44,"0,088"
Курица,"Крыло, Мясо",Мясо,"74,95","21,97",0,"3,54",126,13,"0,041","0,88",22,155,194,81,"1,63","0,018",59,18,"0,38","0,53","1,2","0,13",0,"17,8","0,059",57,0,0,"0,85","0,8","0,94",0,"0,83",0,0,66,0,0,"7,359","0,836",18,"0,101"
Рис,"Коричневый, Длиннозёрный",Крупы,"10,37","7,94","77,24","2,92",370,23,"0,277","1,47",143,333,223,7,"2,02","3,743",0,0,0,"0,509",0,"1,2","1,9","23,4","0,401",0,"3,5","0,850000024","1,056","1,044","0,584",0,"1,53",0,0,31,0,0,"5,091","1,493",0,"0,093"
Рис,"Коричневый, Среднезёрный",Крупы,"12,37","7,5","76,17","2,68",362,33,"0,277","1,8",143,264,268,4,"2,02","3,743",0,0,0,"0,509",0,"0,68",0,0,"0,413",0,"3,400000095",0,"0,971","0,959","0,536",0,"1,27",0,0,0,0,0,"4,308","1,493",0,"0,043"
Рис,"Белый, Короткозёрный",Крупы,"13,29","6,5","79,15","0,52",358,3,"0,21","4,23",23,95,76,1,"1,1","1,037",0,0,0,"0,171",0,0,0,"15,1","0,565",0,"2,799999952",0,"0,161","0,138","0,14",0,"0,54",0,0,0,0,0,"4,113","1,287",0,"0,048"
Свинина,"Свежий, Спинной Жир",Мясо,"7,69","2,92",0,"88,69",812,2,"0,018","0,18",2,38,65,11,"0,37","0,002",15,5,"0,18","0,04","0,1",0,0,8,"0,084",57,0,0,"41,95","10,35","32,21",0,"0,7",0,0,15,0,0,"0,985","0,115",5,"0,051"
Свинина,"Стейк С Кожей Ноги, Без Костей, Нежирный И Жир",Мясо,"75,18","21,64",0,"3,39",123,7,"0,057","0,84",22,207,365,73,"3,18","0,009",0,0,"0,64","0,553",0,"0,08",0,"25,2","0,525",63,0,0,"1,688","0,509","1,187",0,"1,02",0,0,72,0,0,"7,092","0,802",0,"0,423"
Свинина,"Грудка Лопатки, Без Костей, Нежирная И Жир",Мясо,"74,37","22,54",0,"3,4",127,7,"0,076","0,89",26,229,378,54,"1,95","0,014",0,0,"0,87","0,722",0,"0,08",0,"25,8","0,645",60,0,0,"1,473","0,488","1,074",0,"1,07",0,0,89,0,0,"9,602","0,982",0,"0,465"
Свинина,"Малое Нежное Филе Лопатки, Без Костей, Нежирное И Жир",Мясо,"74,57","21,65",0,"3,91",128,6,"0,09","1,07",24,229,391,50,"2,16","0,011",0,0,"0,59","0,65",0,"0,08",0,"21,5","0,831",66,0,0,"1,324","0,469","1,012",0,"1,08",0,0,85,0,0,"5,312","0,982",0,"0,6"
Свинина,"Верхняя Часть Сирлоина Ноги, Без Костей, Нежирная И Жир",Мясо,"75,88","22,88",0,"1,71",113,5,"0,067","0,8",25,232,399,50,"2,05","0,009",0,0,"0,53","0,689",0,"0,08",0,"26,4","0,654",62,0,0,"0,687","0,323","0,524",0,"1,11",0,0,80,0,0,"7,183","0,9",0,"0,357"
Говядина,"Туша, Постная И Жирная, Отборная",Мясо,"58,21","17,48",0,"22,55",278,8,"0,069","1,85",17,156,271,59,"3,59","0,013",0,0,"2,69","0,33",0,0,0,"15,9","0,08",74,0,0,"9,82","0,86","9,16",0,"0,82",0,0,0,0,0,"3,54","0,32",0,"0,17"
Говядина,"Розничные Отрубы, Жир",Мясо,"20,21","8,21",0,"70,89",674,26,"0,028","0,72",5,61,96,26,"0,82",0,0,0,"0,73","0,108",0,0,"3,4","6,6","0,03",99,0,0,"30,94","2,56","29,45",0,"0,28",0,0,0,0,0,"1,437","0,163",0,"0,037"
Говядина,"Грудинка, Целая, Постная, Все Сорта",Мясо,"70,29","20,72",0,"7,37",155,5,"0,08","1,92",23,201,330,79,"4,31","0,014",0,0,"2,43","0,42",0,"0,32","1,3","16,4","0,1",62,0,0,"3,46","0,23","2,59",0,"1,02",0,0,86,0,0,"3,94","0,35",0,"0,17"
Говядина,"Мозг",Мясо,"76,29","10,86","1,05","10,3",143,43,"0,287","2,55",13,362,274,126,"1,02","0,026",147,7,"9,51","0,226","10,7","0,99",0,"21,3","0,092",3010,0,0,"1,89","1,586","2,3",0,"1,51",88,0,0,0,0,"3,55","2,01",0,"0,199"
Говядина,"Сердце",Мясо,"77,11","17,72","0,14","3,94",112,7,"0,396","4,31",21,212,287,98,"1,7","0,035",0,0,"8,55","0,279",2,"0,22",0,"21,8","0,238",124,0,0,"1,137","0,546","1,383",0,"1,1",0,0,0,0,17,"7,53","1,79",0,"0,906"
Говядина,"Почки",Мясо,"77,89","17,4","0,29","3,09",103,13,"0,426","4,6",17,257,262,182,"1,92","0,142",1397,419,"27,5","0,665","9,4","0,22",0,141,"0,357",411,0,0,"0,586","0,545","0,868",0,"1,33",0,0,0,0,20,"8,03","3,97",419,"2,84"
Говядина,"Печень",Мясо,"70,81","20,36","3,89","3,63",135,5,"9,755","4,9",18,387,313,69,4,"0,31",16898,4968,"59,3","1,083","1,3","0,38","3,1","39,7","0,189",275,0,0,"0,479","0,481","1,233",11,"1,31",232,13,333,0,0,"13,175","7,173",4948,"2,755"
Говядина,"Легкие",Мясо,"79,38","16,2",0,"2,5",92,10,"0,26","7,95",14,224,340,198,"1,61","0,019",46,14,"3,81","0,04","38,5",0,0,"44,3","0,047",242,0,0,"0,64","0,34","0,86",0,"0,98",0,0,0,0,0,4,1,14,"0,23"
Говядина,"Механически Отделенная Говядина",Мясо,"59,39","14,97",0,"23,52",276,485,"0,056","5,67",17,324,277,57,"3,58","0,012",0,0,"2,56","0,29",0,0,0,"20,7","0,072",209,0,0,"8,44","0,76","11,78",0,"2,14",0,0,0,0,0,"2,546","0,279",0,"0,118"
Говядина,"Поджелудочная Железа",Мясо,"65,2","15,7",0,"18,6",235,9,"0,06","2,22",18,327,276,67,"2,58","0,15",0,0,14,"0,2","13,7",0,0,"24,7","0,14",205,0,0,"6,44","3,47","6,41",0,"1,3",0,0,0,0,0,"4,45","3,9",0,"0,445"
Говядина,"Селезенка",Мясо,"77,2","18,3",0,3,105,9,"0,168","44,55",22,296,429,85,"2,11","0,073",0,0,"5,68","0,07","45,5",0,0,"62,2","0,05",263,0,0,"0,78","0,22",1,0,"1,38",0,0,0,0,0,"8,4","1,081",0,"0,37"
Говядина,"Говяжий Жир",Мясо,4,"1,5",0,94,854,2,"0,007","0,17",1,15,16,7,"0,22","0,001",0,0,"0,27","0,03",0,"1,5","3,6","0,2","0,007",68,0,0,"31,52","3,17","52,3",0,"0,1",0,0,6,0,0,"0,259","0,025",0,"0,013"
Говядина,"Тимус (Зобная Железа)",Мясо,"67,8","12,18",0,"20,35",236,7,"0,048","2,1",14,393,360,96,"2,06","0,12",0,0,"2,13","0,16",34,0,0,"18,1","0,109",223,0,0,"7,05","3,8","7,01",0,"1,38",0,0,0,0,0,"3,452","3,026",0,"0,345"
Говядина,"Язык",Мясо,"64,53","14,9","3,68","16,09",224,6,"0,17","2,95",16,133,315,69,"2,87","0,026",0,0,"3,79","0,31","3,1",0,0,"9,4","0,125",87,0,0,"7,24","0,9",7,0,"0,8",0,0,0,0,0,"4,24","0,653",0,"0,34"
Говядина,"Рубец (Желудок)",Мясо,"84,16","12,07",0,"3,69",85,69,"0,07","0,59",13,64,67,97,"1,42","0,085",0,0,"1,39","0,014",0,"0,09",0,"12,5",0,122,0,0,"1,533","0,18","1,291",0,"0,55",0,0,195,0,0,"0,881","0,227",0,"0,064"
Говядина,"Болонья, Красная, Без Искусственных Добавок",Мясо,"54,8","11,7",2,"28,4",313,12,"0,03","1,4",10,82,155,682,2,0,0,0,"1,41","0,18",0,"0,19","0,3","11,7","0,06",56,0,0,"13,299","1,051","11,676",0,"3,1",0,0,44,0,0,"2,63",0,0,"0,13"
Брокколи,Брокколи,Овощи и фрукты,"89,3","2,82","6,64","0,37",34,47,"0,049","0,73",21,66,316,33,"0,41","0,21",623,31,0,"0,175","89,2","0,78","101,6","2,5","0,071",0,"2,599999905","1,700000048","0,011","0,038","0,039",25,"0,87",361,1,19,1403,0,"0,639","0,573",0,"0,117"
Брокколи,Листья,Овощи и фрукты,"90,69","2,98","5,24","0,35",28,48,"0,045","0,88",25,66,325,27,"0,4","0,229",16000,800,0,"0,159","93,2",0,0,3,"0,065",0,0,0,"0,024","0,167","0,054",0,"0,92",0,0,0,0,0,"0,638","0,535",0,"0,119"
Брокколи,Цветочные Соцветия,Овощи и фрукты,"90,69","2,98","5,24","0,35",28,48,"0,045","0,88",25,66,325,27,"0,4","0,229",3000,150,0,"0,159","93,2",0,0,3,"0,065",0,0,0,"0,024","0,167","0,054",0,"0,92",0,0,0,0,0,"0,638","0,535",0,"0,119"
Брокколи,Стебли,Овощи и фрукты,"90,69","2,98","5,24","0,35",28,48,"0,045","0,88",25,66,325,27,"0,4","0,229",400,20,0,"0,159","93,2",0,0,3,"0,065",0,0,0,"0,024","0,167","0,054",0,"0,92",0,0,0,0,0,"0,638","0,535",0,"0,119"
Клюква,Клюква,Овощи и фрукты,"87,13","0,39","12,2","0,13",46,8,"0,061","0,25",6,13,85,2,"0,1","0,36",60,3,0,"0,057","13,3","1,2","5,1","0,1","0,012",0,"4,599999905","4,039999962","0,018","0,055","0,011",0,"0,15",36,0,6,91,0,"0,101","0,295",0,"0,02"
Вода,"Бутылированная, Обычная",Вода,"99,98",0,0,0,0,10,"0,007",0,2,0,0,2,0,0,0,0,0,0,0,0,0,0,0,0,0,0,0,0,0,0,"0,07",0,0,0,0,0,0,0,0,0
Корень Имбиря,Корень Имбиря,Овощи и фрукты,"78,89","1,82","17,77","0,75",80,16,"0,226","0,6",43,34,415,13,"0,34","0,229",0,0,0,"0,16",5,"0,26","0,1","0,7","0,025",0,2,"1,700000048","0,154","0,154","0,203",0,"0,77",0,0,29,0,0,"0,75","0,203",0,"0,034"
Арахис,Все Виды,Масло/жир,"6,5","25,8","16,13","49,24",567,92,"1,144","4,58",168,376,705,18,"3,27","1,934",0,0,0,"0,348",0,"8,33",0,"7,2","0,64",0,"8,5","3,970000029","24,429","15,559","6,834",0,"2,33",0,0,52,0,0,"12,066","1,767",0,"0,135"
Тыква,Тыква,Овощи и фрукты,"91,6",1,"6,5","0,1",26,21,"0,127","0,8",12,44,340,1,"0,32","0,125",7384,369,0,"0,061",9,"1,06","1,1","0,3","0,05",0,"0,5","1,360000014","0,013","0,005","0,052",515,"0,8",3100,2145,8,1500,0,"0,6","0,298",0,"0,11"
Арбуз,Арбуз,Овощи и фрукты,"91,45","0,61","7,55","0,15",30,7,"0,042","0,24",10,11,112,1,"0,1","0,038",569,28,0,"0,045","8,1","0,05","0,1","0,4","0,033",0,"0,400000006","6,199999809","0,037","0,05","0,016",0,"0,25",303,78,4,8,4532,"0,178","0,221",0,"0,021"
Утка,"Домашняя, Мясо",Мясо,"73,77","18,28",0,"5,95",132,11,"0,253","2,4",19,203,271,74,"1,9","0,019",79,24,"0,4","0,34","5,8","0,7","2,8","13,9","0,36",77,0,0,"1,54","0,75","2,32",0,"1,06",0,0,54,0,0,"5,3","1,6",24,"0,45"
Утка,"Домашняя, Печень",Мясо,"71,78","18,74","3,53","4,64",136,11,"5,962","30,53",24,269,230,140,"3,07","0,258",39907,11984,54,"0,76","4,5",0,0,67,"0,562",515,0,0,"0,71","0,63","1,44",0,"1,32",0,0,0,0,0,"6,5","6,184",11984,"0,892"
Яблоки,С Кожурой,Овощи и фрукты,"85,56","0,26","13,81","0,17",52,6,"0,027","0,12",5,11,107,1,"0,04","0,035",54,3,0,"0,041","4,6","0,18","2,2",0,"0,017",0,"2,400000095","10,39000034","0,007","0,051","0,028",0,"0,19",27,11,3,29,0,"0,091","0,061",0,"0,026"
Яблоки,Без Кожуры,Овощи и фрукты,"86,67","0,27","12,76","0,13",48,5,"0,031","0,07",4,11,90,0,"0,05","0,038",38,2,0,"0,037",4,"0,05","0,6",0,"0,019",0,"1,299999952","10,10000038","0,005","0,037","0,021",0,"0,17",17,13,3,18,0,"0,091","0,071",0,"0,028"
Пшеница,Твердая Красная Яровая,Крупы,"12,76","15,4","68,03","1,92",329,25,"0,41","3,6",124,332,340,2,"2,78","4,055",9,0,0,"0,336",0,"1,01","1,9","70,7","0,504",0,"12,19999981","0,409999996","0,303","0,765","0,314",0,"1,89",5,0,31,220,0,"5,71","0,935",0,"0,11"
Пшеница,Твердая Красная Озимая,Крупы,"13,1","12,61","71,18","1,54",327,29,"0,434","3,19",126,288,363,2,"2,65","3,985",9,0,0,"0,3",0,"1,01","1,9","70,7","0,383",0,"12,19999981","0,409999996","0,2","0,627","0,269",0,"1,57",5,0,31,220,0,"5,464","0,954",0,"0,115"
Пшеница,Мягкая Красная Озимая,Крупы,"12,17","10,35","74,24","1,56",331,27,"0,45","3,21",126,493,397,2,"2,63","4,391",0,0,0,"0,272",0,"1,01",0,0,"0,394",0,"12,5","0,409999996","0,178","0,656","0,289",0,"1,68",0,0,0,0,0,"4,8","0,85",0,"0,096"
Пшеница,Твердая Белая,Крупы,"9,57","11,31","75,9","1,71",342,32,"0,363","4,56",93,355,432,2,"3,33","3,821",9,0,0,"0,368",0,"1,01","1,9",0,"0,387",0,"12,19999981","0,409999996","0,203","0,75","0,277",0,"1,52",5,0,0,220,0,"4,381","0,954",0,"0,108"
Пшеница,Мягкая Белая,Крупы,"10,42","10,69","75,36","1,99",340,34,"0,426","5,37",90,402,435,2,"3,46","3,406",9,0,0,"0,378",0,"1,01","1,9",0,"0,41",0,"12,69999981","0,409999996","0,227","0,837","0,368",0,"1,54",5,0,0,220,0,"4,766","0,85",0,"0,107"
Пшеница,Дурум (Твердые Сорта Пшеницы),Крупы,"10,94","13,68","71,13","2,47",339,34,"0,553","3,52",144,508,431,2,"4,16","3,012",0,0,0,"0,419",0,0,0,"89,4","0,419",0,0,0,"0,344","0,978","0,454",0,"1,78",0,0,0,0,0,"6,738","0,935",0,"0,121"
Пшеница,Пророщенная,Крупы,"47,75","7,49","42,53","1,27",198,28,"0,261","2,14",82,200,169,16,"1,65","1,858",0,0,0,"0,265","2,6",0,0,"42,5","0,225",0,"1,100000024",0,"0,151","0,557","0,206",0,"0,96",0,0,0,0,0,"3,087","0,947",0,"0,155"
Баранина,"Мозг",Мясо,"79,2","10,4",0,"8,58",122,9,"0,24","1,75",12,270,296,112,"1,17","0,044",0,0,"11,3","0,29",16,0,0,9,"0,13",1352,0,0,"1,55","0,88","2,19",0,"1,33",0,0,0,0,0,"3,9","0,92",0,"0,3"
Баранина,"Сердце",Мясо,"76,71","16,47","0,21","5,68",122,6,"0,397","4,6",17,175,316,89,"1,87","0,046",0,0,"10,25","0,39",5,0,0,32,"0,37",135,0,0,"1,6","0,55","2,25",0,"0,93",0,0,0,0,0,"6,14","2,63",0,"0,99"
Баранина,"Почки",Мясо,"79,23","15,74","0,82","2,95",97,13,"0,446","6,38",17,246,277,156,"2,24","0,118",316,95,"52,41","0,22",11,0,0,"126,9","0,62",337,0,0,"0,63","0,55",1,0,"1,26",0,0,0,0,0,"7,51","4,22",95,"2,24"
Баранина,"Печень",Мясо,"71,37","20,38","1,78","5,02",139,7,"6,979","7,37",19,364,313,70,"4,66","0,184",24612,7391,"90,05","0,9",4,0,0,"82,4","0,34",371,0,0,"1,05","0,75","1,94",0,"1,44",0,0,0,0,0,"16,11","6,13",7391,"3,63"
Баранина,"Легкие",Мясо,"79,7","16,7",0,"2,6",95,10,"0,254","6,4",14,219,238,157,"1,8","0,019",89,27,"3,93","0,11",31,0,0,"17,7","0,048",0,0,0,"0,67","0,35","0,89",0,"1,1",0,0,0,0,0,"4,124",0,27,"0,237"
Баранина,"Механически Отделенные",Мясо,"58,68","14,97",0,"23,54",276,162,"0,058","5,9",18,337,288,59,"3,72","0,012",0,0,"2,56","0,11",0,0,0,"20,1","0,072",213,0,0,"8,45","0,76","11,79",0,"1,21",0,0,0,0,0,"2,546",0,0,"0,118"
Баранина,"Поджелудочная Железа",Мясо,"73,77","14,84",0,"9,82",152,8,"0,061","2,3",21,400,420,75,"1,93","0,04",0,0,6,"0,07",18,0,0,"34,3","0,03",260,0,0,"3,54","0,48","4,44",0,"1,4",0,0,0,0,0,"3,7",1,0,"0,25"
Баранина,"Селезенка",Мясо,"78,15","17,2",0,"3,1",101,9,"0,121","41,89",21,280,358,84,"2,84","0,051",0,0,"5,34","0,11",23,0,0,"32,4","0,047",250,0,0,"0,81","0,23","1,03",0,"1,3",0,0,0,0,0,"7,895",0,0,"0,348"
Баранина,"Язык",Мясо,"66,6","15,7",0,"17,17",222,9,"0,212","2,65",21,184,257,78,"2,32","0,049",0,0,"7,2","0,18",6,0,0,15,"0,15",156,0,0,"8,46","1,06","6,63",0,"0,92",0,0,0,0,0,"4,65","0,97",0,"0,38"
Йогурт,"Обычный, Цельное Молоко, 8 Граммов Белка На 8 Унций",Молочные продукты,"87,9","3,47","4,66","3,25",61,121,"0,009","0,05",12,95,155,46,"0,59","0,004",99,27,"0,37","0,032","0,5","0,06","0,2","2,2","0,029",13,0,"4,659999847","0,893","0,092","2,096",0,"0,72",5,0,15,0,0,"0,075","0,389",27,"0,142"
Йогурт,"Обычный, Нежирный, 12 Граммов Белка На 8 Унций",Молочные продукты,"85,07","5,25","7,04","1,55",63,183,"0,013","0,08",17,144,234,70,"0,89","0,004",51,14,"0,56","0,049","0,8","0,03","0,2","3,3","0,044",6,0,"7,039999962","0,426","0,044",1,0,"1,09",2,0,15,0,0,"0,114","0,591",14,"0,214"
Йогурт,"Обычный, Обезжиренное Молоко, 13 Граммов Белка На 8 Унций",Молочные продукты,"85,23","5,73","7,68","0,18",56,199,"0,015","0,09",19,157,255,77,"0,97","0,005",7,2,"0,61","0,053","0,9",0,"0,2","3,6","0,048",2,0,"7,679999828","0,049","0,005","0,116",0,"1,18",0,0,15,0,0,"0,124","0,641",2,"0,234"
Ячмень,Очищенный (Шелушенный),Крупы,"9,44","12,48","73,48","2,3",354,33,"0,498","3,6",133,264,452,12,"2,77","1,943",22,1,0,"0,318",0,"0,57","2,2","37,7","0,646",0,"17,29999924","0,800000012","0,295","1,108","0,482",0,"2,29",13,0,0,160,0,"4,604","0,282",0,"0,285"
Ячмень,Жемчужный (Перловый),Крупы,"10,09","9,91","77,72","1,16",352,29,"0,42","2,5",79,221,280,9,"2,13","1,322",22,1,0,"0,26",0,"0,02","2,2","37,7","0,191",0,"15,60000038","0,800000012","0,149","0,56","0,244",0,"1,11",13,0,38,160,0,"4,604","0,282",0,"0,114"
Растительное Масло,Кокосовое,Масло/жир,0,0,0,100,862,0,0,"0,04",0,0,0,0,0,0,0,0,0,0,0,"0,09","0,5",0,0,0,0,0,"5,8","1,8","86,5",0,0,0,0,0,0,0,0,0,0,0
Растительное Масло,Пальмоядерное,Масло/жир,0,0,0,100,862,0,0,0,0,0,0,0,0,0,0,0,0,0,0,"3,81","24,7",0,0,0,0,0,"11,4","1,6","81,5",0,0,0,0,0,0,0,0,0,0,0
Растительное Масло,Авокадо,Масло/жир,0,0,0,100,884,0,0,0,0,0,0,0,0,0,0,0,0,0,0,0,0,0,0,0,0,0,"70,554","13,486","11,56",0,0,0,0,0,0,0,0,0,0,0
Растительное Масло,Горчичное,Масло/жир,0,0,0,100,884,0,0,0,0,0,0,0,0,0,0,0,0,0,0,0,0,0,0,0,0,0,"59,187","21,23","11,582",0,0,0,0,0,0,0,0,0,0,0
Растительное Масло,Овсяное,Масло/жир,0,0,0,100,884,0,0,0,0,0,0,0,0,0,0,0,0,0,0,"14,4","24,7",0,0,0,0,0,"35,11","40,87","19,62",0,0,0,0,0,0,0,0,0,0,0
Горох,Съедобный Стручок,Овощи и фрукты,"88,89","2,8","7,55","0,2",42,43,"0,079","2,08",24,53,200,4,"0,27","0,244",1087,54,0,"0,16",60,"0,39",25,"0,7","0,15",0,"2,599999905",4,"0,021","0,089","0,039",44,"0,56",630,0,17,740,0,"0,6","0,75",0,"0,08"
Горох,Зеленый,Овощи и фрукты,"78,86","5,42","14,45","0,4",81,25,"0,176","1,47",33,108,244,5,"1,24","0,41",765,38,0,"0,169",40,"0,13","24,8","1,8","0,266",0,"5,099999905","5,670000076","0,035","0,187","0,071",21,"0,87",449,0,28,2477,0,"2,09","0,104",0,"0,132"
Горох,"Зрелые Семена, Пророщенные",Овощи и фрукты,"62,27","8,8","27,11","0,68",124,36,"0,272","2,26",56,165,381,20,"1,05","0,438",166,0,0,"0,265","10,4",0,0,"0,6","0,225",0,0,0,"0,061","0,326","0,124",0,"1,14",0,0,0,0,0,"3,088","1,029",0,"0,155"
Овсяные Отруби,Овсяные Отруби,Крупы,"6,55","17,3","66,22","7,03",246,58,"0,403","5,41",235,734,566,4,"3,11","5,63",0,0,0,"0,165",0,"1,01","3,2","45,2","1,17",0,"15,39999962","1,450000048","2,376","2,766","1,328",0,"2,89",0,0,32,180,0,"0,934","1,494",0,"0,22"
Тунец,"Свежий, Голубой Тунец (Тунец Обыкновенный)",Мясо,"68,09","23,33",0,"4,9",144,8,"0,086","1,02",50,254,252,39,"0,6","0,015",2183,655,"9,43","0,455",0,1,0,"36,5","0,241",38,0,0,"1,6","1,433","1,257",0,"1,18",0,0,65,0,0,"8,654","1,054",655,"0,251"
Тунец,"Свежий, Скипджек (Полосатый Тунец)",Мясо,"70,58",22,0,"1,01",103,29,"0,086","1,25",34,222,407,37,"0,82","0,015",52,16,"1,9","0,85",1,0,0,"36,5","0,033",47,0,0,"0,19","0,315","0,328",0,"1,3",0,0,0,0,0,"15,4","0,42",16,"0,1"
Тунец,"Свежий, Желтоперый (Тунец Желтоперый)",Мясо,"70,99","23,38",0,"0,95",108,16,"0,064","0,73",50,191,444,37,"0,52","0,015",60,18,"0,52","0,9",1,"0,5","0,1","36,5","0,434",45,0,0,"0,154","0,284","0,235",0,"1,34",0,0,65,0,0,"9,8","0,75",18,"0,047"
